<?xml version="1.0"?>
<!DOCTYPE hibernate-mapping PUBLIC "-//Hibernate/Hibernate Mapping DTD 3.0//EN"
"http://hibernate.sourceforge.net/hibernate-mapping-3.0.dtd">
<!-- Generated 11/02/2015 10:46:17 by Hibernate Tools 3.4.0.CR1 -->
<hibernate-mapping>
    <class name="Teacher" table="teacher" catalog="higth_school">
        <id name="idTeacher" type="java.lang.Integer">
            <column name="idTeacher" />
            <generator class="identity" />
        </id>
        <property name="firstName" type="string">
            <column name="firstName" length="45" not-null="true" />
        </property>
        <property name="lastName" type="string">
            <column name="lastName" length="45" not-null="true" />
        </property>
        <property name="dateOfBirth" type="date">
            <column name="dateOfBirth" length="10" not-null="true" />
        </property>
        <set name="courses" table="course" inverse="true" lazy="true" fetch="select">
            <key>
                <column name="Teacher_idTeacher" not-null="true" />
            </key>
            <one-to-many class="Course" />
        </set>
    </class>
</hibernate-mapping>
