<?xml version="1.0"?>
<!DOCTYPE hibernate-mapping PUBLIC "-//Hibernate/Hibernate Mapping DTD 3.0//EN"
"http://hibernate.sourceforge.net/hibernate-mapping-3.0.dtd">
<!-- Generated 16/02/2015 17:07:08 by Hibernate Tools 3.4.0.CR1 -->
<hibernate-mapping>
    <class name="com.carshop.model.Usuario" table="usuario" catalog="finalproyect">
        <id name="idUsuario" type="int">
            <column name="idUsuario" />
            <generator class="assigned" />
        </id>
        <property name="nombre" type="string">
            <column name="Nombre" length="45" />
        </property>
        <property name="apellido" type="string">
            <column name="Apellido" length="45" />
        </property>
        <property name="email" type="string">
            <column name="Email" length="45" />
        </property>
        <property name="clave" type="string">
            <column name="Clave" length="45" />
        </property>
    </class>
</hibernate-mapping>
